Date,Category,Johor,Kedah,Kelantan,Melaka,Negeri Sembilan,Pahang,Perak,Perlis,Pulau Pinang,Sabah,Sarawak,Selangor,Terengganu,Kuala Lumpur,Labuan,Putrajaya
01/01/2021,Alcohol / Tobacco,172.1,174.3,183.8,169.4,170.5,176.4,167.5,183.9,165.5,172.5,171.7,167.9,183.2,165.7,132.7,183.7
01/01/2021,Clothing / Footwear,95.3,87.4,97.2,77.1,99.5,95,91.8,90,91,91.3,91.2,98.9,92.8,86.3,89,86.5
01/01/2021,Communication,97.9,98.9,99.4,97.8,102.6,104.3,101.7,102.1,95.9,99.1,98.6,96.4,97.6,91.9,100.3,96.6
01/01/2021,Education,127.2,108.5,130.5,131,114.7,120.3,114.4,126,119.4,112.1,116.2,122.5,126.7,127.6,130.2,126.7
01/01/2021,Food / Beverage,142.3,130.3,133.8,138,135.5,135.4,129.4,124.2,140.9,123.5,135.3,141.3,129.5,139,124.2,146.8
01/01/2021,Furnishings,115.9,114.7,112,117.9,115.5,117.8,115.9,108.1,116.2,112.8,117.1,122,111.8,118.8,107.2,129.9
01/01/2021,Health,129.9,119,126.7,120,125.9,121.5,120.7,115.3,130.4,128.9,131.9,124.2,123.9,117.8,130.5,109.3
01/01/2021,Recreation / Culture,134,127.8,120,124.7,124.7,120.8,127.3,124,134.3,135.3,152.6,142,120.2,129.1,125.7,138.2
01/01/2021,Housing / Utilities,123.1,123.5,116.6,124.3,120.5,117.5,114.4,112.9,123.9,107.3,110.8,126.9,114.2,127.8,119.3,115.9
01/01/2021,Misc,123.7,120.3,119.2,114.9,111.2,114.7,118.9,108.9,123.2,114.2,117,113.5,124.2,114,112.8,119.5
01/01/2021,Overall,125.2,119.3,121.4,120.1,122.8,120.1,118.2,115.5,124.2,113.8,120.3,125.7,118.2,124,116.9,122.8
01/01/2021,Recreation / Culture,116.4,113.6,108,113.5,115.6,107.6,109.3,115.5,111.3,116.8,122.4,115.2,108,111.3,119,106.8
01/01/2021,Transport,108.5,105,106.9,102.7,109.7,104,105.7,103.4,107.7,105.3,114.2,112.2,106.4,116.6,104.6,114.9
01/02/2021,Alcohol / Tobacco,172.1,174.3,183.7,169.5,170.5,176.5,167.3,183.9,165.7,172.5,147,168,183.1,165.7,132.7,183.8
01/02/2021,Clothing / Footwear,95.2,87.4,97.2,76.9,99.5,95,91.9,90.1,90.9,91.3,90,98.8,92.9,86.2,89,87.2
01/02/2021,Communication,98,98.9,99.4,97.8,102.6,104.3,101.7,102.1,96.1,99.1,96,96.4,97.6,91.9,100.3,96.6
01/02/2021,Education,127.2,108.5,130.5,131,114.8,120.3,114.5,126,119.4,112.1,114.2,122.5,126.7,127.6,130.2,126.7
01/02/2021,Food / Beverage,142.6,130.3,133.8,137.3,135.2,134.7,129.4,124,140.8,123.6,129.7,141.3,129.6,138.5,124.1,146
01/02/2021,Furnishings,116,114.8,112,117.9,115.6,117.9,116.2,108.1,116.2,112.8,108.7,122.3,111.9,118.8,107.2,129.8
01/02/2021,Health,129.8,119.2,126.6,120.6,125.8,121.5,120.7,115.3,130,128.4,129.3,124.7,123.8,118,130.3,109.3
01/02/2021,Recreation / Culture,134,127.7,119.9,125.3,123.9,120.5,127.2,122.9,133.8,135.3,127.7,141.9,120.1,129.1,125.7,138.2
01/02/2021,Housing / Utilities,123.2,123.8,116.7,124.3,120.7,117.6,114.5,112.9,124.5,107.4,108.5,127.1,114.3,128.3,119.4,121.3
01/02/2021,Misc,123.4,120.1,118.8,114.8,111.2,114.6,118.5,108.8,122.9,114.1,114.8,113.1,123.6,113,113,117.5
01/02/2021,Overall,125.7,119.8,121.9,120.3,123.2,120.4,118.6,115.9,124.6,114.2,116.6,126,118.8,124.2,117.3,124.4
01/02/2021,Recreation / Culture,116.4,113.7,108.1,113.5,115.7,107.7,109.3,115.5,111.3,116.9,103.7,115.3,108,111.3,119.1,106.8
01/02/2021,Transport,111.1,107.4,110,104.8,112.4,107.1,108.5,107.1,110.3,108.3,114.1,114.3,109.8,118.1,107.8,115.9
01/03/2021,Alcohol / Tobacco,172.3,174.4,183.8,169.7,170.5,176.4,167.5,183.9,165.6,172.5,147,168.2,183.2,165.9,132.7,184.1
01/03/2021,Clothing / Footwear,95.3,87.4,97.2,76.9,99.4,95,91.7,90.1,90.7,91.2,90,98.9,92.9,86.1,89.3,87.2
01/03/2021,Communication,98,98.9,99.3,97.8,102.6,104.3,101.7,102.1,96.1,99.1,95.9,96.4,97.5,91.9,100.3,96.6
01/03/2021,Education,127.3,108.5,130.6,131,114.8,121,114.6,126,119.4,112.1,113.3,122.5,126.9,126.5,130.2,126.7
01/03/2021,Food / Beverage,142.6,130.3,133.4,137.3,135.3,134.9,129.3,123.3,140.7,123.8,129.8,141.5,129.3,138.9,124.7,146.2
01/03/2021,Furnishings,116.2,115,112.3,118.2,115.6,118.7,116.5,108.4,116.6,113.1,108.8,124,112.1,119.7,107.2,129.8
01/03/2021,Health,129.8,119.1,126.8,120,126,121.7,120.9,115.2,130.2,128.5,129.2,124.9,124,118.3,130.3,109.3
01/03/2021,Recreation / Culture,134,127.7,120.2,125.3,123.9,120.5,127.5,123.3,134,135.6,127.8,141.9,120.7,129.5,125.7,138.2
01/03/2021,Housing / Utilities,123.2,123.8,116.7,124.4,120.7,117.6,114.5,113.1,124.5,107.4,108.6,127.1,114.3,128.3,119.4,121.3
01/03/2021,Misc,122.8,119.8,118.3,114.5,111.2,114.5,118.3,108.6,122.9,114,114.7,112.9,122.9,113.4,113.1,116.4
01/03/2021,Overall,126.2,120.3,122.2,120.6,123.6,120.9,118.9,116.2,124.9,114.7,117.1,126.5,119.2,124.7,117.9,124.6
01/03/2021,Recreation / Culture,116.5,113.8,108.1,113.1,115.7,107.6,109.2,115.5,111.3,118.8,103.8,115.5,108,112.7,121.3,106.8
01/03/2021,Transport,114,109.7,113,106.9,115.1,110.2,111.3,110.9,113,110.8,117.9,116.8,113.1,119.6,111.1,117.8
01/04/2021,Alcohol / Tobacco,172.3,174.4,183.8,169.3,170.5,176.5,167.2,183.9,166,172.6,147.3,168.2,183.2,166.4,132.7,184.1
01/04/2021,Clothing / Footwear,95.3,87.3,97.3,76.5,99.4,95,91.7,90.2,90.6,91.1,89.9,98.6,93,86,89.3,86.3
01/04/2021,Communication,98,98.9,99.3,97.8,102.6,104.3,101.7,102.1,96.1,99.1,95.9,96.4,97.5,91.9,100.3,96.2
01/04/2021,Education,127.3,108.6,130.7,131.2,114.8,121,114.6,126,119.5,112.1,113.3,122.5,126.9,128.1,130.2,126.7
01/04/2021,Food / Beverage,143.2,130.9,134.1,137.9,135.4,136.2,129.6,123.1,140.9,123.9,129.6,141.7,130.3,139.3,124.6,146.5
01/04/2021,Furnishings,116.1,114.9,112.6,118.7,115.8,118.4,116.9,109.1,116.8,113.2,108.8,124.5,112.3,121.1,107.2,130.1
01/04/2021,Health,129.9,119,126.9,119.7,126,121.6,120.4,115.3,129.9,128.4,129.2,125,124.2,118.1,130.3,109.8
01/04/2021,Recreation / Culture,134,127.8,120.6,126,124.2,120.5,127.6,123.3,134.4,135.7,128,141.9,121.2,130,125.7,136.6
01/04/2021,Housing / Utilities,123.2,123.8,116.7,124.4,120.7,117.6,114.5,113.2,124.5,107.4,108.6,127.2,114.3,128.3,119.4,121.3
01/04/2021,Misc,123,119.9,118.4,114.7,111.1,114.7,118.3,108,122.8,114.2,114.7,113,123.3,113.6,113.1,116.6
01/04/2021,Overall,126.4,120.5,122.5,120.8,123.6,121.3,119,116.2,124.9,114.9,117.1,126.6,119.6,124.9,118,124.5
01/04/2021,Recreation / Culture,116.5,113.9,108.2,113.2,115.7,107.7,109.3,115.5,111.3,119.6,103.8,115.9,108,112.7,122.1,106.8
01/04/2021,Transport,114.2,109.8,113,106.9,114.9,110.3,111.3,111,112.8,111.1,118.3,116.8,113.2,119.4,111.8,117
01/05/2021,Alcohol / Tobacco,172.5,174.4,183.8,169.4,170.6,176.5,167.2,183.9,165.7,172.6,147.4,168.2,183.2,167,132.7,184
01/05/2021,Clothing / Footwear,95.1,87.2,97.1,76.2,99.4,94.9,91.6,90.5,90.6,90.9,89.7,98.6,92.9,85.9,89.3,86.3
01/05/2021,Communication,98,98.9,99.4,97.8,102.6,104.3,101.7,102.1,96.1,99.1,95.9,96.4,97.5,91.9,100.3,96.2
01/05/2021,Education,127,108.6,131.6,131.2,114.9,121,114.6,126,119.6,112.1,113.3,122.5,128.8,128.1,130.2,126.7
01/05/2021,Food / Beverage,142.8,130.9,134.4,137.6,135.1,135.2,129.4,123.3,140.3,123.5,129.5,141.7,130.6,139.1,124.1,145.9
01/05/2021,Furnishings,116.2,114.9,112.7,118.9,115.9,118.9,117,109.9,117.1,113.3,108.9,125.1,112.6,121.1,106.9,130
01/05/2021,Health,130.2,119.4,126.9,119.3,126,121.4,120.7,115.3,130.1,128.7,129.2,124.9,124.1,118.1,130.3,109.8
01/05/2021,Recreation / Culture,134.4,127.6,120.6,126.2,124.8,120.4,127.5,123.3,134.5,135.6,128,141.9,121.3,130,125.9,136.6
01/05/2021,Housing / Utilities,123.2,123.9,116.8,124.5,120.8,117.8,114.6,113.3,124.8,107.5,108.7,127.2,114.4,128.6,119.5,121.3
01/05/2021,Misc,123.2,119.9,118.6,114.8,111.2,114.6,118.4,108.1,122.9,114,114.8,112.8,123.6,113.5,113.4,116.5
01/05/2021,Overall,126.3,120.5,122.7,120.8,123.6,121.1,119,116.3,124.9,114.8,117.1,126.7,119.8,124.9,117.9,124.5
01/05/2021,Recreation / Culture,116.6,113.9,108.2,113.2,115.7,107.7,109.4,115.5,111,119.9,103.1,115.9,108,112.6,122.3,106.9
01/05/2021,Transport,114.4,109.9,113.1,107,115,110.6,111.4,111,113.1,111.2,118.4,117.3,113.3,119.7,112.2,117.7
01/06/2021,Alcohol / Tobacco,172.5,174.4,183.8,169.4,170.6,176.6,167.4,183.9,165.6,172.6,147.4,168.4,183.2,167,132.7,184.3
01/06/2021,Clothing / Footwear,95.1,87.2,97.1,76.2,99.4,94.9,91.6,90.5,90.6,90.9,89.7,98.6,92.9,85.9,89.3,86.3
01/06/2021,Communication,98,98.9,99.4,97.8,102.6,104.3,101.7,102.1,96.1,99.1,95.9,96.4,97.5,91.9,100.3,96.2
01/06/2021,Education,127,108.6,131.6,131.2,114.9,121,114.6,126,119.6,112.1,113.3,122.5,128.8,128.1,130.2,126.7
01/06/2021,Food / Beverage,143.3,130.9,134.4,138,135.4,135.8,129.9,123.5,140.5,123.9,129.6,142.3,130.6,139.3,124.3,146.7
01/06/2021,Furnishings,116.3,114.9,112.7,119,115.9,118.9,117.1,109.9,117.3,113.3,109,125.1,112.6,121.2,106.9,130
01/06/2021,Health,130.2,119.4,126.9,119.5,126,121.4,120.7,115.3,130.3,128.8,129.1,125.1,124.1,118.3,130.3,109.8
01/06/2021,Recreation / Culture,134.4,127.6,120.6,126.2,125.2,120.4,127.5,123.3,134.5,135.6,128,141.9,121.3,130,125.9,136.6
01/06/2021,Housing / Utilities,123.2,123.9,116.8,124.5,120.8,117.8,114.6,113.3,124.8,107.5,108.7,127.2,114.4,128.6,119.5,121.3
01/06/2021,Misc,123.1,119.9,118.7,114.7,111.2,114.8,118.5,107.9,123.1,114,114.9,112.9,123.6,113.7,113.4,116.8
01/06/2021,Overall,126.5,120.5,122.7,120.9,123.6,121.3,119.2,116.4,124.9,114.8,117.1,126.8,119.8,124.9,118.1,124.5
01/06/2021,Recreation / Culture,116.6,113.9,108.2,113.2,115.7,107.7,109.5,115.5,111,119.9,103.1,115.9,108,112.6,122.3,106.9
01/06/2021,Transport,114.4,109.9,113.1,106.9,114.7,110.6,111.4,111,112.7,110.9,118.5,117,113.3,119.1,112.7,116.8
01/07/2021,Alcohol / Tobacco,172.5,174.4,183.8,169.4,170.6,176.6,167.6,183.9,165.6,172.6,147.4,168.4,183.2,166.1,132.7,184.3
01/07/2021,Clothing / Footwear,95.1,87.2,97.1,76.2,99.4,94.9,91.6,90.5,90.6,90.9,89.7,98.6,92.9,85.9,89.3,86.3
01/07/2021,Communication,98,98.9,99.4,97.8,102.6,104.3,101.7,102.1,96.1,99.1,95.9,96.4,97.5,91.9,100.3,96.2
01/07/2021,Education,127,108.6,131.6,131.2,114.9,121,114.6,126,119.6,112.1,113.3,122.5,128.8,128.1,130.2,126.7
01/07/2021,Food / Beverage,143.2,130.9,134.1,138,135.8,135.8,130.2,124.1,140.6,123.9,129.7,142.4,129.9,139.1,124.8,146.6
01/07/2021,Furnishings,116.3,114.9,112.7,119.1,115.9,118.9,117.2,109.9,117.1,113.4,109,125.2,112.5,121.2,106.9,130
01/07/2021,Health,130.2,119.5,126.9,119.5,126,121.4,121,115.5,129.9,128.7,129.1,125,124.2,118.3,130.3,109.8
01/07/2021,Recreation / Culture,134.4,127.8,120.6,126.2,125.3,120.4,128,123.3,134.5,135.6,128,142.1,121.3,130,125.9,136.6
01/07/2021,Housing / Utilities,120,119,112.4,119.9,116.1,113.2,110.1,109,122.1,105.2,108.7,124.2,110.6,126.3,116.4,119.8
01/07/2021,Misc,123.1,119.8,118.7,114.8,111.2,114.8,118.5,108.1,123,114,114.8,112.9,123.7,113.7,113.4,116.9
01/07/2021,Overall,125.7,119.7,121.8,120.2,122.8,120.4,118.4,115.8,124.2,114.2,117.2,126.2,119,124.3,117.4,124.3
01/07/2021,Recreation / Culture,116.6,113.9,108.2,113.2,115.7,107.7,109.5,115.5,111,119.9,103,115.9,108,112.6,122.3,106.9
01/07/2021,Transport,114.7,110,113.4,107.4,115,110.8,111.6,111.1,113.2,110.8,118.6,117.5,113.7,119.9,112.8,118.1
01/08/2021,Alcohol / Tobacco,172.5,174.4,183.8,169.4,170.6,176.7,167.6,183.9,165.7,172.6,147.4,168.4,183.2,166.4,132.7,184.3
01/08/2021,Clothing / Footwear,95.2,87.2,97.1,76.2,99.4,94.9,91.6,90.5,90.6,90.9,89.7,98.6,92.9,85.9,89.3,86.3
01/08/2021,Communication,98,98.9,99.4,97.8,102.6,104.3,101.7,102.1,96.1,99.1,95.9,96.4,97.5,91.9,100.3,96.2
01/08/2021,Education,125.6,108.6,131.5,131.2,114.9,121,114.6,126,119.6,112.1,113.3,122.5,128.7,128.1,130.2,126.7
01/08/2021,Food / Beverage,143.2,131.1,134.1,138.5,136,135.7,130.2,124.2,140.7,124,129.8,142.4,129.7,139.4,125,147.6
01/08/2021,Furnishings,116.3,114.9,112.6,119.1,115.9,118.9,117.2,109.9,117.1,113.4,109,125.1,112.5,121.2,106.9,130
01/08/2021,Health,130.2,119.5,126.9,119,126.1,121.4,120.8,115.4,129.8,128.7,129.1,125,124.2,118.5,130.3,109.8
01/08/2021,Recreation / Culture,134.5,127.8,120.6,126.2,125.3,120.5,128.1,122,134.5,135.6,128.2,142.1,121.3,130,125.9,136.6
01/08/2021,Housing / Utilities,120,119.3,112.5,119.9,116,113.2,110.1,109,122.3,105.2,108.8,124.4,110.6,126.3,116.4,119.8
01/08/2021,Misc,123.4,119.8,118.7,114.6,111.3,114.8,118.5,107.9,123,114.1,114.8,112.8,123.8,113.7,113.6,116.7
01/08/2021,Overall,125.7,119.8,121.8,120.2,122.9,120.3,118.4,115.8,124.2,114.2,117.2,126.2,118.9,124.4,117.4,124.3
01/08/2021,Recreation / Culture,116.6,113.9,108.2,113.2,115.8,107.7,109.5,115.5,111,119.9,103.1,115.9,108,112.6,122.3,106.9
01/08/2021,Transport,114.7,110,113.4,107.2,115,110.7,111.5,111.2,113,110.7,118.7,117.3,113.7,119.7,112.7,117.3
01/09/2021,Alcohol / Tobacco,172.5,174.4,183.8,169.4,170.6,176.7,167.6,183.9,165.6,172.6,147.4,168.5,183.3,166.7,132.7,184.3
01/09/2021,Clothing / Footwear,95.1,87,97.1,76.2,99.4,94.9,91.4,90.5,90.6,90.9,89.7,98.6,92.9,85.9,89.3,86.3
01/09/2021,Communication,98,98.9,99.3,97.8,102.6,104.3,101.7,102.1,96.1,99.1,95.9,96.4,97.5,91.9,100.3,96.2
01/09/2021,Education,125.6,108.6,131.5,131.2,114.9,121,114.6,126,119.6,112.1,113.3,122.5,128.7,128.1,130.2,126.7
01/09/2021,Food / Beverage,144.5,131.5,134.8,139.8,136.9,137.2,131.5,125.6,141.2,124.1,130,143.2,130.7,139.9,125,150.7
01/09/2021,Furnishings,116.3,114.9,112.7,118.8,115.9,118.9,117.2,110,117.5,113.4,109,125.2,112.5,121.6,107,129.9
01/09/2021,Health,130,119.5,127,119.5,126.1,121,120.9,115.3,130,128.6,129.1,125.2,124.3,118.5,130.3,109.8
01/09/2021,Recreation / Culture,134.5,127.8,120.9,125.7,125.3,120.5,128.2,122.1,134.2,135.6,128.4,142,121.8,128.2,125.9,141.5
01/09/2021,Housing / Utilities,120,119.3,112.5,119.9,116,113.2,110.1,109,122.3,105.2,108.8,124.5,110.7,126.3,116.4,119.8
01/09/2021,Misc,123.6,119.8,118.8,114.9,111.2,115.1,118.8,108.5,123.2,114.2,114.8,113,123.7,113.6,113.6,116.7
01/09/2021,Overall,126,119.9,122.1,120.6,123.2,120.8,118.8,116.3,124.4,114.2,117.3,126.4,119.3,124.5,117.4,125.1
01/09/2021,Recreation / Culture,116.6,113.9,108.2,113.4,115.7,107.7,109.5,115.5,111,120,103.1,115.9,108,112.6,122.3,107
01/09/2021,Transport,114.6,110,113.4,107.3,115.2,110.9,111.5,111.2,113.2,110.7,118.7,117.3,113.8,119.7,112.8,117
01/10/2021,Alcohol / Tobacco,172.5,174.4,183.8,169.3,170.7,176.8,167.7,183.9,165.6,172.7,147.5,168.6,183.3,165.1,132.7,184.4
01/10/2021,Clothing / Footwear,95.2,87,97.1,76.2,99.4,94.9,91.4,90.3,90.6,90.9,89.6,98.6,92.8,85.3,89.1,86.3
01/10/2021,Communication,98,98.9,99.3,97.8,102.6,104.3,101.7,102.1,96.1,99.1,95.9,96.4,97.5,91.9,100.3,96.2
01/10/2021,Education,125.6,108.6,131.5,131.2,114.9,121,114.6,126,119.6,112.1,113.2,122.7,128.7,128.1,130.2,126.7
01/10/2021,Food / Beverage,144.6,131.7,135.2,139.8,137.4,137.2,131.6,125.4,141.5,124.3,130.2,144,131.2,139.7,125.2,150.7
01/10/2021,Furnishings,116.4,114.9,113,119,116.8,119.1,117.4,110.3,117.7,113.6,109,126.5,112.8,121.5,106.6,130
01/10/2021,Health,130,119.5,127.2,118.8,126.4,120.8,121.4,115.9,130.2,128.8,129.2,124.9,124.5,118.4,130.3,109.8
01/10/2021,Recreation / Culture,134.5,128,120.8,126.6,125.6,120.4,128.4,122.6,134.3,136,128.5,142.8,121.7,128.9,126.9,141.6
01/10/2021,Housing / Utilities,123.2,124.2,116.9,124.6,120.8,117.7,114.9,113.3,125,107.5,108.8,127.5,114.5,128.7,119.5,121.3
01/10/2021,Misc,123.7,119.7,118.8,116,111.3,115.2,118.9,109,123,114.6,114.7,113.7,123.9,114.3,112.5,116.5
01/10/2021,Overall,126.9,120.9,123.1,121.6,124.3,121.8,119.8,117.2,125.3,115,117.3,127.6,120.2,125,118.3,125.6
01/10/2021,Recreation / Culture,116.5,113.6,108.2,113,115.1,107.6,109.1,115.6,110.6,119.7,100.5,116,108,111.6,122,107
01/10/2021,Transport,114.9,110.4,113.7,107.6,115.1,111,111.7,111.3,113.2,110.9,118.9,117.5,114.3,119.7,113.3,117.5
01/11/2021,Alcohol / Tobacco,172.7,174.4,183.9,169.6,170.8,176.7,167.8,183.9,166.1,172.7,147.5,168.6,183.4,165.6,132.7,184.3
01/11/2021,Clothing / Footwear,95.2,87,97.1,76.2,99.3,94.9,91.4,90.1,90.5,90.9,89.6,98.6,92.8,84.9,89.2,86.3
01/11/2021,Communication,98,98.9,99.3,97.7,102.6,104.3,101.7,102.1,96.1,99.1,95.9,96.4,97.5,91.9,100.3,96.2
01/11/2021,Education,125.9,108.6,131.5,131.2,114.9,121,114.6,126,119.6,112.1,114.1,122.7,128.7,128.1,130.2,126.7
01/11/2021,Food / Beverage,145.6,132.5,135.7,140.5,137.9,137.7,132.1,126.4,143.2,124.5,130.5,145.2,131.8,140.9,125.6,151.5
01/11/2021,Furnishings,117.2,115,113.4,120.7,117,119.1,117.8,110.4,118.4,113.7,109,127.1,113.1,121.5,106.9,129.7
01/11/2021,Health,129.2,119.1,127.1,119.5,126.5,120.7,121.7,117.5,129.9,128.9,129.2,125.2,124.4,118.2,130.3,109.8
01/11/2021,Recreation / Culture,134.1,128.2,121.1,128.3,125.4,120.8,128.7,122.6,135.7,136.4,128.5,143.3,122.2,129.1,126.9,143
01/11/2021,Housing / Utilities,123.2,124.2,117,124.9,121.3,117.9,115.3,113.4,125.1,107.6,108.9,128,114.6,128.9,119.3,121.3
01/11/2021,Misc,124,119.9,119.2,116,111.2,115.3,119.2,109,123.3,114.7,114.7,113.9,124.3,114.5,112.8,116.7
01/11/2021,Overall,127.3,121.2,123.4,122,124.6,122,120.2,117.6,125.8,115.2,117.5,128.1,120.5,125.4,118.6,125.8
01/11/2021,Recreation / Culture,116.9,113.5,108.3,112.9,115.1,107.7,109,115.6,110.8,119.6,100.3,116,108.2,111.6,122.1,107
01/11/2021,Transport,115.6,110.7,113.9,107.6,115.3,111.2,112,111.4,113.6,111.3,119.3,117.7,114.5,119.8,114.8,117.4
01/12/2021,Alcohol / Tobacco,172.8,174.6,183.9,170,170.9,176.8,167.7,183.9,165.7,172.7,147.5,168.5,183.4,165.6,132.7,184.2
01/12/2021,Clothing / Footwear,95.2,86.9,97.2,75.8,99.2,94.7,91.3,90.1,90.5,90.9,89.6,98.8,92.8,84.9,89.3,86.3
01/12/2021,Communication,98,98.9,99.3,97.7,102.6,104.3,101.7,102.1,96.1,99.1,95.9,96.4,97.4,91.9,100.3,96.2
01/12/2021,Education,126,108.6,131.5,131.2,114.9,121,114.6,126,119.6,112.1,114.1,122.7,128.7,128.2,130.2,126.7
01/12/2021,Food / Beverage,147.1,133.9,137.3,141,138.8,139.3,133.4,128,144.9,125.1,131.4,147,132.9,142.1,126.4,154.3
01/12/2021,Furnishings,117.3,116.1,113.9,120.7,117.2,119.5,117.8,111,118.6,113.9,109.1,127.5,113.7,122,106.9,129.8
01/12/2021,Health,129.2,119.5,127.4,119,126.7,120.8,121.9,117.2,129.7,129,129.3,125.2,124.6,117.7,131.9,109.8
01/12/2021,Recreation / Culture,134.3,129.3,122.1,129.4,126,121.3,129.5,124.1,137.8,137.2,129,143.6,123.4,129.3,123.1,144.2
01/12/2021,Housing / Utilities,123.2,124.3,117.1,124.9,121.3,117.9,115.3,113.6,125.1,107.6,108.9,128.1,114.6,128.9,119.3,121.3
01/12/2021,Misc,124.2,120.1,119.4,115.9,111.3,115.5,119.2,108.8,123.2,114.8,114.6,114.3,124.6,114.9,113.1,117.3
01/12/2021,Overall,127.7,121.9,124.1,122.2,124.9,122.5,120.7,118.3,126.4,115.4,117.9,128.7,121,125.6,118.8,126.4
01/12/2021,Recreation / Culture,117.1,114.2,108.5,113.1,115.4,107.8,109.5,116.4,111.3,119.6,103.2,116.3,108.5,110.4,122,107.1
01/12/2021,Transport,115.6,111.1,114.1,107.8,115.1,111.5,112.4,111.4,113.6,111.6,119.6,118,114.6,119.4,115,117.4
01/01/2022,Alcohol / Tobacco,172.8,174.9,184,169.9,170.9,176.9,167.8,183.9,166.2,172.8,147.5,168.7,183.6,166.2,132.7,185
01/01/2022,Clothing / Footwear,95.3,87,97.4,75.9,99.3,94.8,91.5,90.1,90.8,91,89.3,98.8,93,84.3,89.1,85.8
01/01/2022,Communication,98,98.9,99.3,97.7,102.6,104.3,101.7,102.1,96.1,99.1,95.9,96.5,97.4,91.9,99.7,96.2
01/01/2022,Education,126.1,108.9,131.6,131.2,115.1,121,114.7,126,121.4,112.2,114.3,123.9,128.7,128.2,130.2,126.7
01/01/2022,Food / Beverage,148,134.2,137.7,142,138.9,139.3,134,128.1,145.6,126.7,132.2,148.2,133.8,143,127.3,155.3
01/01/2022,Furnishings,117.7,116.7,114.4,121.4,117.5,119.9,118.6,111.6,118.5,114.6,109.6,128.3,113.9,123.1,106.6,131.7
01/01/2022,Health,129.6,120.1,127.6,119.8,126.8,120.9,122.1,117.1,130.4,129.2,127.9,125.3,124.8,117.8,131.9,109.8
01/01/2022,Recreation / Culture,134.8,130.9,122.9,130.1,126.6,121.4,130.3,125.1,138.2,139,130.1,144.2,124,134.3,124.8,144.3
01/01/2022,Housing / Utilities,123.2,124.3,117.1,124.9,121.3,118,115.5,113.6,125.1,107.6,109,128.2,114.7,128.9,119.3,121.3
01/01/2022,Misc,124.1,120.2,119.4,116.1,111.4,115.7,119.3,108.9,123.6,115,114.8,114.4,124.6,116.1,113.2,118.8
01/01/2022,Overall,128,122.1,124.3,122.5,125,122.6,121.1,118.5,126.7,116,118.3,129.3,121.4,126.2,119.1,128.2
01/01/2022,Recreation / Culture,117.3,114.7,108.5,113.8,116,108,110.3,116.7,112.7,120.1,105.8,117.3,108.6,111.4,122.4,107.1
01/01/2022,Transport,115.7,111.2,114.2,107.7,115,111.6,112.7,111.4,113.8,111.5,119.3,118.9,114.9,120.1,114.9,126.8
01/02/2022,Alcohol / Tobacco,172.8,174.9,184,170,170.9,176.9,167.8,183.9,166.7,172.7,147.6,168.7,183.6,166.2,132.7,185.1
01/02/2022,Clothing / Footwear,95.2,86.9,97.5,75.9,99.3,94.9,91.5,90.6,90.6,91,89.3,99,93.2,84.8,89.1,87.3
01/02/2022,Communication,98,98.9,99.3,97.7,102.6,104.3,101.7,102.1,96.1,99.1,95.9,96.5,97.4,91.9,99.7,96.2
01/02/2022,Education,126.1,109,131.6,131.2,115.1,121.2,114.7,126,121.6,112.2,114.3,124.2,128.7,128.2,130.2,125.9
01/02/2022,Food / Beverage,147.9,134.4,137.9,141.9,139.3,139.1,134,128.7,145.9,127.3,133.2,148.5,134.2,143.2,128,156.3
01/02/2022,Furnishings,117.8,116.9,114.5,121.7,117.7,120.8,118.8,111.7,118.6,114.6,109.8,129.1,114.1,123.1,106.7,131.6
01/02/2022,Health,129.6,120.2,128,119.8,126.9,121.6,122.1,117.6,130.5,129.5,128.2,125.7,125,117.8,131.9,111.2
01/02/2022,Recreation / Culture,135,131.8,123.4,130.3,127.6,121.8,130.5,127.6,139.5,140,130.7,144.9,124.6,134.1,124.9,144.9
01/02/2022,Housing / Utilities,123.5,125,117.2,125.3,121.6,118.2,115.6,114.5,125.6,107.9,109.1,128.3,114.9,129.7,119.3,131.3
01/02/2022,Misc,124.1,120.5,119.8,116.3,111.6,115.9,119.5,109.4,124.1,115.2,115,114.8,125.2,116.2,113,122
01/02/2022,Overall,128.1,122.4,124.5,122.7,125.4,122.7,121.2,119,127.1,116.3,118.9,129.6,121.7,126.5,119.3,131.7
01/02/2022,Recreation / Culture,117.5,115.8,108.8,114.8,117.4,108.3,111.4,117.2,113.6,119.5,109.1,117.6,109.3,111,122,107.2
01/02/2022,Transport,116.1,111.2,114.4,107.6,115.3,111.7,113.1,111.6,114,111.9,119.7,119.3,115.2,120.1,115.7,126.4
01/03/2022,Alcohol / Tobacco,173,174.9,184,170,170.8,177,168,183.9,167.3,172.8,147.5,168.8,183.6,168,132.7,185.2
01/03/2022,Clothing / Footwear,95,86.8,97.4,75.8,99.7,95.1,91.6,90.6,90.6,90.9,89.4,99,93.2,84.3,89.1,87.3
01/03/2022,Communication,98,98.9,99.3,97.7,102.6,104.3,101.7,102.1,96.1,99,95.9,96.4,97.4,91.9,99.7,96.2
01/03/2022,Education,126.3,109,131.7,131.2,115.1,120.7,114.8,126,122,112.3,114.3,124.3,128.8,128.1,130.2,125.9
01/03/2022,Food / Beverage,148.6,134.6,138.4,142.2,139.7,139.8,134.6,129,146.7,126.8,133.6,149,134.6,143.3,127.5,156.4
01/03/2022,Furnishings,118.9,117.4,114.7,121.8,117.9,121.1,119.6,112.4,119,114.6,110,129.6,114.5,123.4,106.9,131.6
01/03/2022,Health,129.3,120.3,128.1,119.8,126.9,121.2,122.3,117.7,130.7,129.6,127.8,125.6,125.1,115.2,131.9,111.2
01/03/2022,Recreation / Culture,136.7,131.9,123.6,130.5,127.7,122.6,130.7,128,140.5,140.9,131.1,145.1,124.8,134.9,125.5,144.9
01/03/2022,Housing / Utilities,123.5,125,117.2,125.3,121.6,118.2,115.6,114.5,125.6,107.9,109.1,128.4,114.9,129.7,119.3,131.3
01/03/2022,Misc,124.8,120.9,121,116.8,112,116.1,120.3,109.6,124.6,115.5,115.5,115.6,127,116.5,113.9,122
01/03/2022,Overall,128.7,122.6,124.8,122.9,125.6,123.1,121.5,119.2,127.6,116.3,119.1,130.1,122.1,126.9,119.6,132.1
01/03/2022,Recreation / Culture,117.7,115.1,108.7,114.3,116.8,108.5,110.9,117.3,113.2,119.5,107.5,117.7,108.9,111.1,122.5,107.2
01/03/2022,Transport,117.7,111.9,114.9,107.9,116.3,112.5,113.4,111.9,115.5,112.7,120.5,121.2,115.9,122.1,118.3,128.6
01/04/2022,Alcohol / Tobacco,173.5,174.8,184.1,169.9,170.8,177,168.1,183.9,167.1,172.8,147.5,168.9,183.6,168,132.7,185.2
01/04/2022,Clothing / Footwear,95,86.9,97.5,75,99.7,95.2,91.6,90.6,90.7,90.8,89.5,98.9,93.4,84.9,89.1,87.1
01/04/2022,Communication,98,98.9,99.3,97.7,102.6,104.3,101.7,102.1,96,99,95.9,96.4,97.4,91.9,99.7,96.2
01/04/2022,Education,126.7,109.4,131.9,131.2,115.1,120.8,114.8,126,122.1,113.5,114.7,124.5,128.9,128.1,130.2,130.5
01/04/2022,Food / Beverage,149.2,134.8,138.8,142.5,140,140,135,129.4,147.1,127.2,133.8,149.8,134.9,143.9,128,156.8
01/04/2022,Furnishings,119.2,117.7,115,121.9,117.9,121.5,119.9,112.5,119.1,114.6,110.1,129.9,114.7,123.2,107.2,132.9
01/04/2022,Health,129.3,120.2,128.3,119.5,127,121.1,122.4,118,130.6,130,128,126.2,125.2,114.8,131.9,111.2
01/04/2022,Recreation / Culture,137.6,132.3,123.6,130.9,127.7,122.4,131.3,128,141.2,141.8,131.7,146,124.8,134.4,126.4,154.1
01/04/2022,Housing / Utilities,123.5,125,117.2,125.3,121.6,118.2,115.6,114.6,125.6,108,109.1,128.4,114.9,129.7,119.3,131.3
01/04/2022,Misc,125.1,121.1,121,117,112.1,116.2,120.2,109.8,124.6,115.7,115.6,115.6,126.8,116.3,113.9,121.9
01/04/2022,Overall,129,122.8,125,123,125.8,123.3,121.8,119.4,127.8,116.5,119.3,130.5,122.3,127.1,119.9,132.7
01/04/2022,Recreation / Culture,118.3,115.2,109,114.4,116.6,108.8,111.2,117.2,113.4,118.9,107.2,118.9,109.4,111.3,121.8,107.4
01/04/2022,Transport,118.1,112.3,115.2,108.1,116.6,113,114,112,116,113.3,121.3,121.7,116.3,123,119.3,129.5
01/05/2022,Alcohol / Tobacco,173.6,174.8,184.1,170.1,170.9,177,168,183.9,166.6,173,147.3,168.9,183.7,168.5,132.7,185.3
01/05/2022,Clothing / Footwear,95.3,86.7,97.4,74.4,99.9,95.1,91.7,90.7,90.7,90.9,89.5,99.3,93.2,84.3,89.1,87.3
01/05/2022,Communication,98,98.9,99.3,97.7,102.6,104.3,101.7,102.1,96,99,95.9,96.4,97.4,91.9,99.7,96.2
01/05/2022,Education,126.7,109.4,131.9,131.2,115.1,120.8,114.8,126,122.1,113.5,114.7,124.5,128.9,128.1,130.2,130.5
01/05/2022,Food / Beverage,151.3,135.4,140,143.1,141.3,141.1,136.1,129.7,148.4,128.3,134.7,151.2,135.9,145.5,128.8,158.1
01/05/2022,Furnishings,120.3,117.8,115.5,122.4,118.4,122.3,120.5,112.5,119.8,115,110.8,130.4,115.1,123.6,107.2,133
01/05/2022,Health,129.7,120.3,128.4,119.7,127.4,121.1,122.5,118,130.7,130.3,128.1,126.2,125.4,115.8,131.9,111.2
01/05/2022,Recreation / Culture,138.7,132.5,123.7,131.7,129.1,122.5,132.6,128,141.8,142.9,132.5,145.6,124.7,137.5,126.7,168.9
01/05/2022,Housing / Utilities,123.7,125.1,117.3,125.4,121.8,118.5,115.8,114.9,125.8,108.7,109.7,129.3,114.9,129.7,120.1,131.3
01/05/2022,Misc,125,120.9,120.9,116.7,112.1,116.4,120.3,109.9,124.2,115.7,115.9,115.7,126.7,117.1,113.5,123.1
01/05/2022,Overall,130,123.1,125.6,123.3,126.4,123.9,122.3,119.7,128.4,117.3,119.9,131.4,122.8,127.9,120.6,133.9
01/05/2022,Recreation / Culture,118.7,115.2,109.1,114.3,116.5,108.8,111.3,117.2,113.4,119.3,107,120.1,109.7,111.2,122.1,107.4
01/05/2022,Transport,120.1,112.8,115.8,108.7,117.6,114.1,114.3,112.3,117.6,114.2,122.2,123.3,117.1,125,121.7,132
01/06/2022,Alcohol / Tobacco,173.8,174.9,184.1,170.1,170.9,177,168.1,183.9,166.6,172.9,147.2,169,183.7,168.5,132.7,185.6
01/06/2022,Clothing / Footwear,95.6,86.8,97.6,74.6,99.7,95.3,91.8,90.4,90.9,91.1,89.8,99.5,93.5,84.3,88.6,87.3
01/06/2022,Communication,98,98.8,99.3,97.7,102.6,104.3,101.7,102.1,96,99,95.9,96.4,97.4,91.9,99.7,96.2
01/06/2022,Education,127,109.4,131.9,131.2,115.1,120.8,115,126,122.3,113.7,114.7,124.6,128.9,128.1,130.2,130.5
01/06/2022,Food / Beverage,153.7,136.1,141.4,144.7,142.9,142.7,137.6,131,150.1,129.7,136.7,153,137.6,146.8,129.3,158.7
01/06/2022,Furnishings,121.4,118.4,115.7,122.9,118.7,123.2,120.6,112.5,120.8,115.7,111.1,130.9,115.4,123.7,107.2,133.6
01/06/2022,Health,129.9,120.2,128.5,120.3,127.4,121.2,123,117.2,130.8,130.6,128.3,126.6,125.5,115.3,131.9,111.2
01/06/2022,Recreation / Culture,140.6,133.7,124.2,133,129.7,122.6,134,130.6,142.6,144.8,134.3,148.3,125.3,139.1,129,172.5
01/06/2022,Housing / Utilities,123.7,125.1,117.3,125.5,121.8,118.6,115.9,114.9,125.8,108.7,109.7,129.3,114.9,130,120.1,131.3
01/06/2022,Misc,126,121.7,121.3,116.7,112.3,116.6,120.4,111.2,124.7,116,116.2,116.1,127.3,117.9,113.3,123
01/06/2022,Overall,131.2,123.6,126.2,123.9,127.2,124.5,123,120.3,129.2,118,120.8,132.2,123.5,128.8,121,134.6
01/06/2022,Recreation / Culture,119.8,115.8,109.1,115.3,117.5,109.1,112.2,118,114.1,118.7,108.1,120.2,109.8,112.2,121.5,107.3
01/06/2022,Transport,122.1,113.6,116.4,109.1,119,114.9,114.8,112.7,119.6,115.7,123.4,124.9,117.9,127.6,124.6,135.2
01/07/2022,Alcohol / Tobacco,173.8,175,184.2,170.3,171,177,168.4,183.9,166.9,173,147.2,169.6,183.8,168.8,132.7,186
01/07/2022,Clothing / Footwear,96,86.8,97.7,74.6,99.8,94.9,91.9,90.5,91,91.3,89.9,99.7,93.6,83.5,88.6,87.5
01/07/2022,Communication,98,98.8,99.2,97.7,102.6,104.2,101.7,102.1,96,99,95.9,96.4,97.3,91.9,99.7,96.2
01/07/2022,Education,127,109.4,132,131.2,115.1,121,115.1,126,122.6,113.8,116.1,124.7,128.9,128.1,130.2,130.5
01/07/2022,Food / Beverage,154.2,136.6,141.5,146.1,143.7,143.8,138.4,131,151.4,131.7,138.1,154.4,137.9,147.3,129.6,160.4
01/07/2022,Furnishings,122.3,118.9,116.3,123.3,119,124.3,121.9,112.9,121.2,116.4,111.7,131.5,116.1,124.3,107.6,134.4
01/07/2022,Health,130.6,120.5,128.7,121.2,127.4,121.4,124.1,116.9,130.9,131.1,128.8,126.8,125.7,115.5,131.9,111.2
01/07/2022,Recreation / Culture,142.2,134.5,125,133.6,130.6,125.3,135.1,131.3,143.3,147.4,136.2,149.5,126.4,138.5,131,174
01/07/2022,Housing / Utilities,123.8,125.1,117.4,125.5,121.8,118.6,115.9,114.9,125.8,108.7,109.8,129.3,114.9,130,120.1,131.3
01/07/2022,Misc,126.1,121.5,120.4,117.2,112.1,116.6,120.3,111.1,124.6,116,116.6,116.2,126,117.5,113.4,120.9
01/07/2022,Overall,131.6,123.9,126.4,124.6,127.5,125.1,123.5,120.4,129.6,118.7,121.4,132.8,123.7,129,121.2,135.2
01/07/2022,Recreation / Culture,120.3,115.9,109.1,115.6,117.7,109.1,112.5,119.2,114.3,119.4,107.9,120.5,109.6,112.6,122,107.8
01/07/2022,Transport,122.7,114.1,117,110.1,119.4,115.6,115.8,113,120.2,116,123.8,125.4,118.6,128.3,124.2,137.1
01/08/2022,Alcohol / Tobacco,173.9,175.2,184.2,170.5,171,177,168.5,183.9,166.9,173,147.2,169.6,183.8,169.2,132.7,186
01/08/2022,Clothing / Footwear,96.1,86.8,97.9,74.6,99.9,95.1,92,90.4,91.1,91.3,90,99.8,93.6,83.2,88.9,87.5
01/08/2022,Communication,98,98.8,99.2,97.7,102.6,104.2,101.7,102.1,96,99,95.9,96.4,97.3,91.9,99.7,95.8
01/08/2022,Education,127.1,109.4,132,131.2,115.1,121,115.2,126,122.6,114.5,116.1,124.7,128.9,128.1,130.2,130.5
01/08/2022,Food / Beverage,154.4,136.6,141.2,146.1,144,144.5,139,130.6,151.4,132.2,138.9,155.4,137.5,147.9,129.3,160.5
01/08/2022,Furnishings,123.2,119,116.4,123.9,119.4,124.9,122.1,113.8,120.9,116.6,112.4,132.1,116.2,124.7,108.1,134.5
01/08/2022,Health,130,121.3,128.6,121.1,127.6,120.9,125.1,117.1,131.4,131.1,127.8,127,125.6,115.3,131.9,111.2
01/08/2022,Recreation / Culture,143.4,135,125.5,133.6,131.4,125.5,136,131.3,143.7,149.2,137,150.2,126.7,140,131,174
01/08/2022,Housing / Utilities,124.4,125.3,117.4,126.5,122.2,119.1,116.1,115.2,126.5,109.7,110.1,129.8,115,130.6,120.1,131.3
01/08/2022,Misc,126.4,121.6,121.1,117.6,112.3,116.9,120.2,111.5,124.8,116.1,116.6,116.2,126.9,118.9,113.1,120.1
01/08/2022,Overall,131.8,123.9,126.3,124.8,127.7,125.4,123.8,120.4,129.7,119.1,121.8,133.2,123.6,129.4,121,134.9
01/08/2022,Recreation / Culture,120.5,115.9,109.1,115.3,117.3,109.1,112.4,119.9,114.2,119.3,108.4,120.6,109.7,114.2,121.8,107.6
01/08/2022,Transport,122.1,113.9,116.8,109.8,119,115.7,116,112.8,119.2,115.3,123.4,124.9,118.1,126.9,122.9,135
01/09/2022,Alcohol / Tobacco,174,175.2,184.2,170.6,171.2,177.1,168.4,183.9,167.4,173.1,147.4,169.6,183.8,169.6,132.7,186.1
01/09/2022,Clothing / Footwear,95.9,86.8,98,74.7,100,95.3,92,90,90.9,91.4,90.2,99.7,93.8,82.7,88.9,87.5
01/09/2022,Communication,98,98.8,99.2,97.7,102.6,104.2,101.7,102.1,96,98.9,95.9,96.4,97.3,91.9,99.7,95.8
01/09/2022,Education,127.2,109.5,132.1,131.2,115.1,121.6,115.2,126,122.6,114.5,116.2,124.8,129,128.1,130.2,130.5
01/09/2022,Food / Beverage,154.8,136.8,141.8,146.6,144.6,145.1,139.3,131.3,151.8,132.4,139.4,155.9,138.1,148.3,129.8,161
01/09/2022,Furnishings,122.9,119.1,116.6,124.2,119.4,125.7,122,114.2,121.1,116.8,112.7,132.2,116.3,125.2,108.4,134.2
01/09/2022,Health,130.4,121.3,128.7,121.1,127.6,122,125.1,117.3,131.3,131.2,127.6,127.3,125.7,114.4,131.9,111.2
01/09/2022,Recreation / Culture,144.1,135,125.7,133.8,131.4,127.1,136.6,131.5,143.5,149.7,137.9,150.5,127.1,140.4,130.1,178.2
01/09/2022,Housing / Utilities,124.4,125.3,117.4,126.5,122.2,119.1,116.1,115.2,126.5,109.7,110.1,129.8,115,130.6,120.1,131.3
01/09/2022,Misc,126.7,121.6,120.6,117.6,112.2,117.2,120.3,110.5,124.8,116.1,116.9,116.5,126.4,118.6,113.5,121
01/09/2022,Overall,131.9,124,126.5,125.1,127.9,125.8,123.9,120.6,129.8,119.1,122,133.4,123.8,129.5,121,135.2
01/09/2022,Recreation / Culture,120.6,115.8,109.2,115.5,117.5,109.2,112.5,119.8,114.2,119.9,109.2,121.2,109.8,114.9,122.4,107.6
01/09/2022,Transport,121.6,113.9,116.7,110.6,119.2,115.8,115.9,112.7,119.2,115.2,123.4,125.6,118,126.7,121.5,135.2
01/10/2022,Alcohol / Tobacco,174,175.3,184.2,170.7,171.3,177.2,168.5,183.9,167.6,173.1,147.5,170.1,183.9,169.5,132.7,186.4
01/10/2022,Clothing / Footwear,96.1,86.9,98,74.6,100,95.4,91.9,89.2,90.9,91.3,90.2,99.6,93.8,82.7,88.9,87.5
01/10/2022,Communication,98,98.8,99.2,97.7,102.6,104.2,101.7,102.1,96,98.9,95.9,96.4,97.3,92,99.7,95.8
01/10/2022,Education,127.5,109.6,132.1,131.2,115.1,121.6,115.2,126,122.5,114.7,116.2,124.8,129,128.1,130.2,130.5
01/10/2022,Food / Beverage,155.1,137.3,142.3,147.6,145,145.7,139.9,133.1,152.3,133.2,140.3,156.7,138.9,149.4,130.3,162.2
01/10/2022,Furnishings,123.2,119.4,116.6,124.3,119.5,125.6,122.2,114.3,121.5,117,112.8,132.5,116.5,125.2,108.8,134.8
01/10/2022,Health,130.5,121.7,128.9,121.1,127.7,122,125.1,117.6,131.4,131.3,127.7,127.5,126,113.9,130.9,111.5
01/10/2022,Recreation / Culture,144.4,136,126.2,135.1,131.5,128.8,136.7,136.4,144.5,150.3,138,151.5,128,139,131.2,168.7
01/10/2022,Housing / Utilities,124.4,125.3,117.4,126.5,122.2,119.1,116,115.2,126.5,109.7,110.1,129.8,115,130.6,120.1,131.3
01/10/2022,Misc,127.2,121.7,121.2,117.7,112.2,117.4,120.7,111,125.1,116.3,116.9,116.7,126.7,120.1,113.4,120.3
01/10/2022,Overall,131.9,124.2,126.7,125.5,128.1,126.2,124.1,121.4,130,119.3,122.3,133.8,124.1,129.8,121.1,135.2
01/10/2022,Recreation / Culture,120.7,115.7,109.3,115.4,117.4,109.3,112.4,120.7,114,119,109.1,121.3,110,114.4,121.6,107.7
01/10/2022,Transport,121.2,114.1,116.8,111.3,119.3,116.5,116,112.6,119.2,115,123.3,126,117.9,126.5,120.8,135.8
01/11/2022,Alcohol / Tobacco,174.3,175.5,184.2,170.7,171.5,177.2,168.6,183.9,167.7,173.1,148.4,170,183.9,169.5,132.7,186.4
01/11/2022,Clothing / Footwear,96.1,86.9,98,74.6,99.9,95.3,92,89.2,91,91.3,90,99.6,93.9,83,88.9,87.5
01/11/2022,Communication,98,98.8,99.2,97.7,102.6,104.2,101.7,102.1,96,98.9,95.9,96.4,97.3,92,99.7,95.8
01/11/2022,Education,129,109.6,132.1,131.2,115.1,121.5,115.2,126,122.5,114.7,116.2,124.9,129,128.1,130.2,130.5
01/11/2022,Food / Beverage,156.6,138,143,148.5,146.4,147.1,140.9,133.1,153.3,133.7,141.6,158.2,139.6,150.3,130.6,164.9
01/11/2022,Furnishings,123.7,119.8,116.8,124,119.6,126,122.4,114.4,121.6,117.2,113.1,132.6,116.6,124.9,108.9,135.1
01/11/2022,Health,131.6,121.3,128.9,121.6,127.7,121.9,125.1,118,131.5,131.3,128.9,127.9,126,115.1,130.9,112.1
01/11/2022,Recreation / Culture,145.7,136.1,126.5,135.4,131.8,130,137.4,137,144.9,151.2,138.7,152,128.6,139.9,131.3,171.6
01/11/2022,Housing / Utilities,124.7,125.3,117.5,126.8,122.4,119.4,116.3,115.3,126.5,109.9,110.2,129.9,115.1,131.6,121.2,131.3
01/11/2022,Misc,127.7,122,121.9,118,112.5,117.8,120.9,111.1,125.1,117,117.1,117.2,127.8,120.4,113.7,121.5
01/11/2022,Overall,132.6,124.5,127,125.8,128.5,126.7,124.5,121.5,130.3,119.6,123,134.2,124.5,130.2,121.5,135.8
01/11/2022,Recreation / Culture,121.2,115.5,109.3,115.2,117.2,109.4,112.2,120.6,113.8,119.7,113.5,121.2,110,113.8,121.9,107.8
01/11/2022,Transport,121.5,114.4,116.8,111.2,119.1,116.5,116,112.6,119.4,114.7,123.1,125.9,118,126,120.3,134.7
01/12/2022,Alcohol / Tobacco,174.3,175.4,184.2,170.6,171.3,177.3,168.6,183.9,167.5,173.2,148.3,170,184,167.8,132.7,186.3
01/12/2022,Clothing / Footwear,96,87,98.1,74.4,99.9,95.1,92,89.5,90.8,91.1,90,99.7,94,83.1,88.9,87.9
01/12/2022,Communication,98,98.8,99.2,97.7,102.6,104.2,101.7,102,96,98.9,95.9,96.3,97.3,91.9,99.7,95.8
01/12/2022,Education,129.1,109.6,132.1,131.2,115.1,121.5,115.2,126,122.5,114.7,116.2,124.9,129,128.1,130.2,130.5
01/12/2022,Food / Beverage,157.2,138.4,143.6,149.3,147.2,147.7,141.6,133.4,154.3,134.3,142.5,159.4,140,150.9,131.3,165.9
01/12/2022,Furnishings,123.9,119.9,116.7,124.2,119.8,126.3,122.6,114.4,121.4,117.2,113.2,132.5,116.6,125.3,108.9,135.2
01/12/2022,Health,131.3,121.2,129,121.6,127.9,121.9,125.3,118,131.6,131.4,129.1,127.9,126,113.1,130.9,112.5
01/12/2022,Recreation / Culture,146.2,136.2,126.6,136.1,131.8,130.6,138.1,137.6,147.4,151.6,139.2,152.8,128.6,142.3,131.4,179.1
01/12/2022,Housing / Utilities,124.7,125.3,117.5,126.8,122.4,119.4,116.3,115.3,126.6,109.9,110.2,129.9,115.1,131.6,121.2,131.3
01/12/2022,Misc,127.9,122,121.6,118.2,112.5,117.9,120.7,111.1,125.2,116.9,117,117.1,127.3,119,114.1,120.6
01/12/2022,Overall,132.7,124.6,127.2,126.2,128.7,126.9,124.7,121.6,130.6,119.8,122.7,134.5,124.5,130.4,121.5,136.4
01/12/2022,Recreation / Culture,121.1,115,109.3,115.1,116.4,109.2,111.7,120,113.5,119.2,100.5,121.3,110,114.1,121.3,107.8
01/12/2022,Transport,120.9,114.3,116.7,111.5,119.4,116.7,115.9,112.4,119.8,114.8,123.3,126.1,117.7,126.6,119,136.5
01/01/2023,Alcohol / Tobacco,174.3,175.5,184.3,170.7,171.6,177.2,168.8,183.9,167.6,173.2,148.3,170.3,184.1,170,132.7,186.4
01/01/2023,Clothing / Footwear,96.1,86.9,98.1,74.6,99.9,95.1,92,89.5,90.5,91.2,90,100,93.9,82.9,88.9,87.9
01/01/2023,Communication,96.5,97.3,98.2,97,100.9,103.2,100.4,100.9,94.6,98.4,95.1,95,96.2,89.5,98.5,93.4
01/01/2023,Education,133.3,109.6,132.1,131.8,115.1,121.7,116.2,126,122.5,115,116.2,124.9,129,128.2,130.2,130.5
01/01/2023,Food / Beverage,158,139.1,144.2,150.3,148,148.5,142.5,134,155.7,134.8,143.3,160.2,140.8,151.9,131.9,166.8
01/01/2023,Furnishings,124.4,119.8,117,125.1,119.9,126.8,123.1,114.5,121.4,117.2,113.3,132.7,116.9,127.1,108.9,135.4
01/01/2023,Health,132.7,121.8,129.2,121.8,127.9,122.8,125.8,118.3,132.4,131.7,129.7,128.1,126,113.2,132.5,112.5
01/01/2023,Recreation / Culture,146.8,136.8,127.2,137.2,132,130.6,140.1,139.2,147.3,152.4,140,153.5,129.7,142.3,135.6,172
01/01/2023,Housing / Utilities,124.8,125.3,117.5,126.8,122.4,119.4,116.3,115.5,126.8,109.9,110.3,130,115.1,131.8,121.2,131.3
01/01/2023,Misc,128.3,122.3,122,118.4,112.5,118.1,121.6,111.6,125.5,117.1,117.5,117.5,127.9,119,114.2,118.8
01/01/2023,Overall,132.9,124.8,127.4,126.5,128.9,127.2,125.4,121.9,130.9,119.8,123.4,134.7,124.7,130.4,121.6,135.8
01/01/2023,Recreation / Culture,121.4,115.7,109.3,115.8,117.4,109.6,116,121.1,114.1,119.3,109.8,121.7,110.1,114.5,121.5,107.8
01/01/2023,Transport,120.4,114.2,116.5,111.5,118.7,116.5,116.6,112.3,118.7,114.1,123.2,125.5,117.3,124.9,117.3,134.1
01/02/2023,Alcohol / Tobacco,174.4,175.4,184.3,170.7,171.5,177.2,169.2,183.9,167.8,173.2,148.5,170.3,184.1,169.2,132.7,186.4
01/02/2023,Clothing / Footwear,96.2,86.7,98.2,74.7,99.9,95.1,92.2,89.1,90.5,91.3,90,100.1,94.1,82.6,88.9,87.9
01/02/2023,Communication,96.5,97.3,98.2,96.9,100.9,103.2,100.5,100.9,94.6,98.4,95.1,95,96.2,89.5,98.5,93.4
01/02/2023,Education,134.9,110,132.2,131.8,115.1,121.7,116.2,126,122.5,115.1,117.9,124.9,129,130.5,130.2,130.5
01/02/2023,Food / Beverage,159,139.4,144.7,150.9,148.8,149.4,143.4,134.2,155.9,135.2,144,161.2,141.3,152,132.7,167.1
01/02/2023,Furnishings,124.7,120.1,117.2,125.3,120.2,127.3,123.5,114.7,122,117.3,113.6,132.8,117.1,127,109.1,136.1
01/02/2023,Health,133,121.8,129.9,122.2,128.5,123.4,126,118.4,133.3,131.8,129.9,128.8,126.3,114.7,133.9,112.5
01/02/2023,Recreation / Culture,147.6,136.8,127.2,137.4,132.6,132,140.9,140.3,147.8,152.6,140.7,156.1,129.9,144.6,136.9,173
01/02/2023,Housing / Utilities,125.4,126.6,117.5,127.7,123.3,119.7,117.1,115.7,127.6,110.1,110.6,130.8,115.1,132.1,121.7,137.5
01/02/2023,Misc,128.5,122.3,122,119.1,112.7,118.6,121.8,111.6,126.4,117.5,118,118,127.8,119.5,114.3,121.2
01/02/2023,Overall,133.4,125.2,127.6,126.7,129.2,127.6,125.8,122.1,131.3,120.1,123.6,135.2,125,130.7,122.1,137.9
01/02/2023,Recreation / Culture,121.2,116,109.6,114.2,115.4,109.4,113.8,123.3,113.1,120,106,121.5,110.3,114.8,122.1,108.1
01/02/2023,Transport,120.3,114.2,116.4,111.3,118.7,116.5,116.6,112.3,118.5,114.2,122.9,125.3,117.4,124.6,117.5,133.4
01/03/2023,Alcohol / Tobacco,174.5,175.4,184.3,170.7,171.5,177.3,169.2,183.9,167.7,173.2,148.7,170.3,184.1,169.9,132.7,186.4
01/03/2023,Clothing / Footwear,96.4,86.8,98,74.5,100,95.2,92.2,89.1,90.2,91.3,90,100.1,93.8,82.7,89,87.9
01/03/2023,Communication,96.5,97.3,98.2,96.9,100.9,103.2,100.5,100.9,94.6,98.4,95.1,95,96.2,89.4,98.5,93.4
01/03/2023,Education,135.6,110.4,132.5,132.1,115.1,122,116.3,126,122.8,115.5,117.9,125,129.3,130.5,132.1,130.5
01/03/2023,Food / Beverage,158.9,139.5,145,151,148.9,149.5,143.7,134.3,156,135.4,144.5,161.3,141.6,152.2,132.6,167.8
01/03/2023,Furnishings,124.9,120,117.2,125.5,120.3,127.5,123.5,114.9,121.8,117.5,113.5,133.3,117.1,127.5,109.1,136.3
01/03/2023,Health,133.1,122,130,122.1,128.6,123.5,126.1,118.1,133.4,131.7,130.5,129.1,126.4,114.2,132.8,112.5
01/03/2023,Recreation / Culture,147.8,137.1,127.6,137.5,132.6,133.4,141.1,140.3,147.7,152.8,141,156.4,130,145.4,135.2,173
01/03/2023,Housing / Utilities,125.4,126.6,117.5,127.7,123.3,119.7,117.1,115.7,127.6,110.1,110.6,130.8,115.2,132.1,121.7,137.5
01/03/2023,Misc,128.6,122.7,122.7,119,113,118.8,122.1,112.1,126.4,117.4,118.4,118.4,128.7,119.9,114.5,121.9
01/03/2023,Overall,133.4,125.2,127.8,126.8,129.2,127.7,125.9,122.2,131.2,120.2,123.6,135.3,125.1,130.7,122.2,138
01/03/2023,Recreation / Culture,121.1,115.8,109.6,113.9,115.2,109.4,113.6,123.3,112.7,122.3,104.7,121.4,110.5,115.1,124.3,108
01/03/2023,Transport,120.5,114.3,116.6,111.4,118.4,116.5,116.6,112.3,118.1,114.1,122.6,125,117.7,124,117.5,132.7
01/04/2023,Alcohol / Tobacco,174.6,175.4,184.3,170.8,171.5,177.4,169.3,183.9,167.5,173.2,148.7,170.5,184.1,169.3,132.7,186.5
01/04/2023,Clothing / Footwear,96.2,86.8,98.1,74.2,100.1,95.1,91.9,89.5,89.6,91.1,89.9,100.4,93.9,82.2,88.5,87.9
01/04/2023,Communication,96.5,97.3,98.2,96.9,100.9,103.2,100.5,100.9,94.6,98.4,95.1,95,96.2,89.4,98.5,93.4
01/04/2023,Education,135.6,110.9,132.5,132.5,115.1,122,116.6,126,122.8,115.6,117.9,125.3,129.3,130.5,132.1,130.5
01/04/2023,Food / Beverage,158.3,139.3,144.8,151,148.5,149,143.5,134.5,156,135.1,144.5,161.1,141.3,152.2,132.8,167.7
01/04/2023,Furnishings,124.8,120.4,117.4,125.8,120.4,127.6,123.6,114.8,121.9,117.3,113.7,133.3,117.3,127.1,109.1,136.4
01/04/2023,Health,133.6,122,130.1,122,128.6,123.6,126.3,118,133.7,131.8,130.3,129.1,126.1,112.5,134.9,112.5
01/04/2023,Recreation / Culture,148.1,136.8,127.7,137.4,132.6,133.2,141.2,139.8,147.9,152.5,140.6,156.6,129.9,143.7,135.4,173
01/04/2023,Housing / Utilities,125.4,126.6,117.5,127.7,123.3,119.7,117.1,115.7,127.6,110.1,110.6,130.8,115.2,132.1,121.7,137.5
01/04/2023,Misc,128.8,123.1,123.8,119.4,113.1,118.8,122.6,111.8,127,117.8,118.7,119.2,130.2,119.9,115.5,120.9
01/04/2023,Overall,133.3,125.3,127.9,127,129.2,127.6,126,122.3,131.2,120.2,123.9,135.4,125.2,130.6,122.3,138.1
01/04/2023,Recreation / Culture,121.4,116,109.6,115.1,116.4,109.7,115.3,124.3,112,121.7,107.5,121.4,110.5,115.5,123.3,108.3
01/04/2023,Transport,120.6,114.5,116.8,111.7,118.4,116.5,116.8,112.2,118.1,114.4,123,125.8,117.8,124.2,117.6,133.5
01/05/2023,Alcohol / Tobacco,174.6,175.4,184.2,170.8,171.4,177.4,169.3,183.9,167.6,173.2,148.7,170.4,183.9,170.9,132.7,186.5
01/05/2023,Clothing / Footwear,96.2,86.8,98.2,74.5,100,95.3,91.9,89.6,89.4,91.1,90,100.4,94,82.2,88.5,88
01/05/2023,Communication,94.2,94.9,96.7,95.6,98.4,101.5,98.5,99.1,92.5,97.6,94,92.9,94.5,85.7,96.6,89.6
01/05/2023,Education,136,110.9,132.5,132.6,115.1,122.9,116.6,126,122.7,116.2,118,125.8,129.3,130.8,132.1,130.5
01/05/2023,Food / Beverage,159,139.8,145,151.8,149.1,149.6,144.1,134.7,156.9,135.3,145,162.2,141.5,153,132.9,169.4
01/05/2023,Furnishings,125.2,120.4,117.5,125.6,120.5,127.7,123.4,114.9,122.2,117.5,113.9,133.5,117.4,127.3,109.1,136.8
01/05/2023,Health,133.2,122,130.3,121.9,128.6,123.8,126.3,118.2,133.9,132,130.4,129.2,126.4,113.6,134.9,113.8
01/05/2023,Recreation / Culture,148.4,137.1,127.8,137.4,133.1,133.4,141.2,140.8,147.4,152.6,141.4,157.3,130.2,147.8,135.4,172
01/05/2023,Housing / Utilities,126.1,127.3,117.6,127.7,123.4,120,117.3,115.9,128.2,112.2,110.9,131,115.2,133.6,121.7,137.5
01/05/2023,Misc,129.2,123.5,124.4,119.6,113.4,119.3,123,112.7,127.8,118.5,119,119.6,130.8,121.1,115.7,122.1
01/05/2023,Overall,133.5,125.5,127.9,127.1,129.3,127.8,126.2,122.4,131.6,120.8,124.1,135.7,125.2,131.2,122.1,138.1
01/05/2023,Recreation / Culture,121.6,116,109.6,115.8,117.4,109.9,116.3,124.6,112.4,121.8,109.2,121.6,110.5,115.6,123.2,108.8
01/05/2023,Transport,120.5,114.4,116.7,111.4,118.4,116.6,116.8,112.3,118.1,113.8,122.8,125.7,117.8,123.7,117,132.2
01/06/2023,Alcohol / Tobacco,174.6,175.4,184.2,170.8,171.4,177.5,169.4,183.9,167.8,173.3,148.6,170.4,183.9,170.9,132.7,186.4
01/06/2023,Clothing / Footwear,96.3,86.8,98.2,74.1,100,95.3,91.9,89.9,89.4,91,90.1,100.3,94.1,82.1,88.5,88.2
01/06/2023,Communication,94.3,94.9,96.7,95.6,98.4,101.5,98.5,99.1,92.6,97.6,94,92.9,94.5,85.7,96.6,89.7
01/06/2023,Education,136.3,111,132.5,132.6,115.6,122.9,116.6,126,123.5,116.4,118.5,125.8,129.3,130.8,133.2,130.5
01/06/2023,Food / Beverage,159,140.2,145.3,151.9,149.2,150.4,144.1,135,156.9,135.1,145.4,162.3,141.8,153,133.7,169.9
01/06/2023,Furnishings,125.6,120.5,117.5,125.7,120.6,127.9,123.7,115,121.9,117.6,114,133.6,117.6,126.8,109.1,136.9
01/06/2023,Health,134.5,122.1,130.5,123,128.7,123.1,126.4,120.1,134.7,132.3,129.7,129.7,126.5,112.5,137.5,113.8
01/06/2023,Recreation / Culture,148.7,138,128,136.8,133.1,134.3,141.6,141,147.6,153,141.6,157.7,130.2,147.8,136.1,172
01/06/2023,Housing / Utilities,126.1,127.3,117.6,127.7,123.4,120,117.3,115.9,128.2,112.2,110.9,131,115.2,133.6,121.7,137.5
01/06/2023,Misc,129.6,123.4,124.5,119.8,113.5,119.8,123.1,112.9,127.7,118.7,119.3,119.8,131,121.9,115.8,122.2
01/06/2023,Overall,133.7,125.6,128,127.2,129.5,128.1,126.3,122.6,131.7,120.7,124.4,135.8,125.4,131.4,122.4,138.4
01/06/2023,Recreation / Culture,121.7,116.1,109.7,116.4,118.2,110.1,117.2,124.3,112.9,121.2,110.2,121.8,110.7,115.8,122.4,108.8
01/06/2023,Transport,120.6,114.5,116.7,111.4,118.8,116.7,116.8,112.3,118.6,113.9,123,126,117.9,124.4,117,132.9
01/07/2023,Alcohol / Tobacco,174.6,175.4,184.2,170.9,171.4,177.5,169.5,183.9,167.8,173.2,148.9,170.4,183.9,170.6,132.7,186.4
01/07/2023,Clothing / Footwear,96.4,86.8,98.3,74.1,99.9,95.2,92,89.9,89.4,91,90.1,100.3,94.2,82.2,89,88.2
01/07/2023,Communication,94.2,94.9,96.7,95.7,98.4,101.5,98.4,99.1,92.5,97.6,94,92.8,94.5,85.4,96.6,89.4
01/07/2023,Education,136.8,111,132.5,133,115.6,122.9,116.6,126,123.5,116.5,118.5,126,129.3,130.7,133.2,130.5
01/07/2023,Food / Beverage,159.5,140.4,145.6,152.5,149.5,150.7,144.6,135.5,157.5,135.6,145.7,163.1,142.3,153.4,134.1,170.1
01/07/2023,Furnishings,125.8,120.5,117.8,125.7,120.7,129.2,123.6,115.2,122.1,118.3,114.2,133.5,117.8,127,108.9,137.1
01/07/2023,Health,134.7,122,130.9,123.3,129.1,126,126.7,120.4,134.9,132.2,130.1,129.7,126.9,112.8,139.3,113.8
01/07/2023,Recreation / Culture,149.3,138.2,128.4,137.1,133.3,134.8,142,141,148.8,153.8,141.9,157.8,130.7,148.7,136.1,174.7
01/07/2023,Housing / Utilities,126.1,127.3,117.6,127.7,123.4,120,117.3,115.9,128.2,112.2,110.9,131,115.2,133.6,121.7,137.5
01/07/2023,Misc,129.6,123.5,124.7,119.6,113.5,119.8,123.4,113.6,127.8,118.8,119.4,119.5,131.3,120.5,116.1,123.5
01/07/2023,Overall,133.8,125.7,128.2,127.3,129.5,128.3,126.5,122.8,131.8,120.9,124.5,136,125.6,131.4,122.5,138.7
01/07/2023,Recreation / Culture,121.6,116.9,109.7,115.7,117.1,109.8,116,123.9,112.1,120.4,109.3,121.8,110.6,115.5,121.7,108.9
01/07/2023,Transport,120.8,114.5,116.8,111.4,118.7,116.7,117.1,112.3,118.6,113.9,123.1,126.2,118,124.5,117,133.7